{
    "zorder": {
        "debrisStart": -0.10000000149011612,
        "wireframe": -0.009999999776482582,
        "background": -0.0010000000474974514
    },
    "puzzle": {
        "scrambleRadius": 150.0,
        "moveSpeed": 30.0,
        "fadeSpeed": 15.0,
        "fitThreshold": 50.0,
        "finishDebrisMoveSpeed": 10.0
    },
    "camera": {
        "distance": 1001.0,
        "sizeExtendScale": 1.5,
        "minRangeScale": 3.0,
        "moveSpeed": 2.0,
        "zoomScale": 125.0,
        "followObjMoveDistance": 5.0
    },
    "wireframe": {
        "width": 0.8500000238418579,
        "color": "a0a0a0"
    },
    "snapshotSize": {
        "x": 256,
        "y": 256
    }
}